Name,Color,Parent,Start,Stop,Description,Namechange1,When1,Description1,Namechange2,When2,Description2,Namechange3,When3,Description3
Debian,#bf1238,,1993.8.16,,http://www.debian.org,,,,,,,,,
Libranet,#0169c9,Debian,1999.11.9,2005.4.25,http://en.wikipedia.org/wiki/Libranet,,,,,,,,,
Corel,#ecba5b,Debian,1999.9,2008.8.2,http://en.wikipedia.org/wiki/Corel_Linux,Xandros,2001.8.29,http://www.xandros.com/,,,,,,
Storm,#2a2a98,Debian,1999.12,2001.4,http://www.stormlinux.com/,,,,,,,,,
Omoikane (Arma),#bfd0d6,Debian,2000.2,,http://www.omoikane.co.jp/,,,,,,,,,
Knoppix,#c7bff0,Debian,2000.9.30,,http://www.knoppix.net/,,,,,,,,,
Kurumin,#42328e,Knoppix,2003.2.18,2009.1.29,http://www.gdhpress.com.br/kurumin/,,,,,,,,,
Dizinha,#88bff7,Kurumin,2004.1.4,2008,http://dizinha.codigolivre.org.br/,,,,,,,,,
NeoDizinha,#b6dbf6,Dizinha,2006.5,,http://neodizinha.web44.net/,Patinho Faminto,2006.8,http://neodizinha.web44.net/,,,,,,
Kalango,#a0a067,Kurumin,2004.2.1,2006.11.7,http://pt.wikipedia.org/wiki/Kalango_Linux,,,,,,,,,
Poseidon,#42328e,Kurumin,2005.3.10,,http://www.poseidonlinux.org/,,,,,,,,,
Quantian,#3366dd,Knoppix,2003.3.6,2006.3.1,http://dirk.eddelbuettel.com/quantian.html,,,,,,,,,
Damn Small Linux,#cb9340,Knoppix,2003.6,,http://www.damnsmalllinux.org/,,,,,,,,,
Hikarunix,#e48535,Damn Small Linux,2004.9.17,2005.9.21,http://www.assembla.com/wiki/show/Hikarunix,,,,,,,,,
DSL-N,#000,Damn Small Linux,2006.5.8,2006.8.24,http://www.damnsmalllinux.org/dsl-n/,,,,,,,,,
Damn Vulnerable Linux,#ef0101,Damn Small Linux,2006.11,2010.12,http://www.damnvulnerablelinux.org/,,,,,,,,,
Morphix,#8b8b8b,Knoppix,2003.3.19,2010.3.29,http://www.morphix.org/,,,,,,,,,
Hiwix,#376e08,Morphix,2004.2.28,,http://www.linuxsir.org/bbs/showthread.php?t=92689,Hiweed,2004.3.3,http://zh.wikipedia.org/zh-tw/Linux_Deepin,Deepin,2009.12,http://linux.deepin.org/,,,
Aquamorph,#38587c,Morphix,2004.5,,http://aquariusoft.org/page/linux/aquamorph/,,,,,,,,,
ZoneCD,#020202,Morphix,2004.6,2005.11.16,http://www.publicip.net/,,,,,,,,,
Dreamlinux,#009c9c,Morphix,2006.2.12,2012.9,http://www.dreamlinux.info/,,,,,,,,,
Danix,#3b679f,Knoppix,2003.11.5,,http://www.danix.cz/,,,,,,,,,
Shabdix,#f64f67,Knoppix,2003.12.26,2004.9,http://shabdix.berlios.de/,,,,,,,,,
INSERT,#003399,Knoppix,2003.8.1,2007.2.27,http://www.inside-security.de/insert_en.html,,,,,,,,,
KnoppMyth,#92bac4,Knoppix,2003.8.8,2009.1.28,http://mysettopbox.tv/knoppmyth.html,,,,,,,,,
Medialinux,#778888,Knoppix,2003.11,,http://www.linuxfordevices.com/c/a/News/Introducing-MediaLinux-a-new-realtime-Linux-approach/,Mediainlinux,2004.7,http://distrowatch.com/table.php?distribution=artistx,ArtistX,2006.11,www.artistx.org/,,,
Kanotix,#c8b582,Knoppix,2003.12.24,,http://www.kanotix.com/,,,,,,,,,
Auditor Security Linux,#5c7152,Kanotix,2004.5.20,,http://en.wikipedia.org/wiki/Auditor_Security_Collection,Backtrack,2006.5.26,http://www.backtrack-linux.org/,,,,,,
Parsix,#e48535,Kanotix,2005.1.25,,http://www.parsix.org/html/index.php,,,,,,,,,
Feather,#828282,Knoppix,2003.12,2005.7.4,http://featherlinux.berlios.de/,,,,,,,,,
Bioknoppix,#5e4ab0,Knoppix,2004.2.20,2004.8.13,http://bioknoppix.hpcf.upr.edu/,,,,,,,,,
Joatha,#e55522,Knoppix,2004.4,,http://code.google.com/p/joatha/,,,,,,,,,
MAX,#477dbe,Knoppix,2004.5.27,,http://www.educa2.madrid.org/web/max,,,,,,,,,
B2D,#99ccff,Knoppix,2004.6,2010.5.16,http://b2d-linux.com/,,INFO:,http://ftp.at.linuxfromscratch.org/.vhost/distrowatch.com/weekly.php?issue=20041011,,,,,,
Kaella,#be2800,Knoppix,2004.7,,http://www.kaella.org/,,,,,,,,,
Whoppix,#445fff,Knoppix,2004.8,2006.2.5,http://swik.net/WHoppix,WHAX,2005.7.3,http://distrowatch.com/table.php?distribution=whoppix,,,,,,
Symphony OS,#d41316,Knoppix,2005.5.12,,http://symphonyos.com/,,,,,,,,,
ParallelKnoppix,#a0553c,Knoppix,2005.4.25,2008.3.1,http://pareto.uab.es/mcreel/ParallelKnoppix/,,,,,,,,,
Musix,#000064,Knoppix,2005.9.12,,http://www.musix.org.ar/en/index.html,,,,,,,,,
Gibraltar,#f00,Debian,2000.7.31,,http://www.gibraltar.at/,,,,,,,,,
LEAF,#00b4d7,Debian,2000.10.29,,http://leaf.sourceforge.net/,,,,,,,,,
Progeny,#121356,Debian,2001.4.9,2007.4.30,http://en.wikipedia.org/wiki/Progeny_Linux_Systems,,,,,,,,,
Skolelinux,#e0b1b7,Debian,2001.7.2,,http://www.slx.no/,,,,,,,,,
DeMuDi,#be41e3,Debian,2001.7.19,2006,http://wiki.debian.org/DebianMultimedia,,,,,,,,,
64Studio,#ABBEE4,DeMuDi,2005.4,,http://www.64studio.com,,,,,,,,,
Lindows,#3b806e,Debian,2001.8,2008.8.2,http://en.wikipedia.org/wiki/Lindows,Linspire,2004.0.0,http://www.linspire.com/,,,,,,
Freespire,#007197,Lindows,2006.4.24,2008.10.19,http://www.freespire.org/,,,,,,,,,
gnuLiNex,#30632a,Debian,2002.6.9,2011.12.31,http://www.gnulinex.org/,,,,,,,,,
Lihuen,#b3c4ac,gnuLiNex,2005.9.1,,http://lihuen.info.unlp.edu.ar/,,,,,,,,,
Rxart,#666666,Debian,2002.12,,http://www.pixartargentina.com.ar/,,,,,,,,,
BlackRhino,#000,Debian,2003.3.4,2007.5,http://web.archive.org/web/20080228074951/http://blackrhino.xrhino.com/main.php?page=news,,,,,,,,,
miniwoody,#12ad12,Debian,2003.3.15,2004.1.14,http://www.pro-linux.de/news/1/5322/miniwoody-10.html,Bonzai,2003.5.20,http://distrowatch.com/table.php?distribution=bonzai,,,,,,
MEPIS,#8598c0,Debian,2003.5,,https://www.mepis.org/,SimplyMEPIS,2004.9.7,https://www.mepis.org/,,,,,,
antiX,#443300,MEPIS,2007.8.22,,http://antix.mepis.com/,,,,,,,,,
Swift,#00ae01,antiX,2010.11.15,,http://www.swiftlinux.org/,,,,,,,,,
ASLinux,#e3763f,Debian,2003.10.1,,http://www.activasistemas.com/index.php?id=7,,,,,,,,,
Impi,#050505,Debian,2003.11.1,2006.1,http://en.wikipedia.org/wiki/Impi_Linux,,,,,,,,,
Xebian,#dfdfdf,Debian,2003.12.17,2005.6.28,http://web.archive.org/web/20031230131115/http://www.xbox-linux.org/,,,,,,,,,
Bluewall,#4bb8c9,Debian,2004.1.6,2006.2.5,http://distrowatch.com/table.php?distribution=bluewall,,,,,,,,,
Amber,#ff9900,Debian,2004.2,2006.4,http://distrowatch.com/table.php?distribution=amber,,,,,,,,,
K-DEMar,#416db7,Debian,2004.2.14,,http://distrowatch.com/table.php?distribution=kdemar,kademar,2009.6.6,http://www.kademar.org/,,,,,,
Guadalinex,#369036,Debian,2004.2.24,,http://www.guadalinex.org/,,,,,,,,,
Euronode,#ff2222,Debian,2004.3.13,2006.1.10,http://euronode.org/,,INFO:,http://web.archive.org/web/20071001144149/http://euronode.org/,,,,,,
DRBL,#333,Debian,2004.4.1,,http://drbl.org/,,,,,,,,,
DeadCD,#9bb657,Debian,2004.4,2006.6,http://distrowatch.com/table.php?distribution=olive,Olive,2006.5,http://distrowatch.com/table.php?distribution=olive,,,,,,
Clonezilla Live,#f79f5d,Debian,2004.5,,http://clonezilla.org/,,,,,,,,,
Underground Desktop,#cc3344,Debian,2004.6,2006.10.14,http://distrowatch.com/table.php?distribution=underground,,,,,,,,,
grml,#e7c71c,Debian,2004.8.31,,http://grml.org/,,,,,,,,,
UserLinux,#ddbb66,Debian,2004.9,2005.5,http://en.wikipedia.org/wiki/UserLinux,,,,,,,,,
Ubuntu,#675a3b,Debian,2004.10.20,,http://www.ubuntu.com/,,,,,,,,,
Kubuntu,#4f5695,Ubuntu,2005.4.8,,http://www.kubuntu.org/,,,,,,,,,
Bardinux,#832c6a,Kubuntu,2006.7.7,,http://bardinux.ull.es/,,,,,,,,,
Ulteo,#4fb75e,Kubuntu,2006.12.7,,http://www.ulteo.com/,,,,,,,,,
DEFT,#555555,Kubuntu,2007.1,,http://www.deftlinux.net/,,,,,,,,,
Polippix,#66aacc,Kubuntu,2007.3.20,,http://polippix.org/,,,,,,,,,
Asturix,#55cc00,Kubuntu,2009.2.5,,http://asturix.com/,,,,,,,,,
Edubuntu,#a12726,Ubuntu,2005.10.13,,http://edubuntu.org/,,,,,,,,,
Arabian,#225571,Ubuntu,2005.3,2009.7,http://arabian-linux.sourceforge.net/,,,,,,,,,
nUbuntu,#702b2e,Ubuntu,2005.12.18,2010.4.4 ,http://www.nubuntu.org/,,,,,,,,,
Xubuntu,#53525f,Ubuntu,2006.6.1,,http://www.xubuntu.org/,,,,,,,,,
Mystras OS,#DD4B39,Xubuntu,2012.2.8,,http://mystras.cloudfactory.eu/,,,,,,,,,
Xinutop,,Xubuntu,2012.5.2,,http://marinux.pk973.org/,,,,,,,,,
Christian Edition,#761f0c,Ubuntu,2006.7.23,,http://ubuntuce.com/,,,,,,,,,
PUD,#5c7684,Ubuntu,2006.8,,http://xpud.org/,xPUD,2008.6.1,http://xpud.org/,,,,,,
Mint,#5fec52,Ubuntu,2006.8.27,,http://www.linuxmint.com/,,,,,,,,,
quantOS,#1b1b1b,Mint,2011.6.15,2012.2.28,http://www.quantsec.com/,,,,,,,,,
Commodore OS,#66aaff,Mint,2011.11.11,,http://www.commodoreusa.net/,,,,,,,,,
gNewSense,#c1b384,Ubuntu,2006.11.2,,http://www.gnewsense.org/,,,,,,,,,
Satanic Edition,#f00,Ubuntu,2006.12.13,,http://ubuntusatanic.org/,,,,,,,,,
Muslim Edition,#57793d,Ubuntu,2007.1.14,,http://distrowatch.com/table.php?distribution=sabily,Sabily,2009.5.12,http://www.sabily.org/,,,,,,
Uberyl,#0066bb,Ubuntu,2007.1.16,,http://pollolinux.blogia.com/,ComFusion,2007.7.31,http://www.comfusion.es/,,,,,,
Madbox,#666666,Ubuntu,2007.3.17,,http://madbox.tuxfamily.org/,,,,,,,,,
Ubuntu Studio,#0099ee,Ubuntu,2007.5.10,,http://ubuntustudio.org/,,,,,,,,,
Kiwi,#f4b75e,Ubuntu,2007.10.1,,http://www.kiwilinux.org/,,,,,,,,,
Geubuntu,#ee8354,Ubuntu,2007.9.13,,http://opengeu.intilinux.com/,OpenGEU,2008.1.13,http://opengeu.intilinux.com/,,,,,,
Greenie,#829b1a,Ubuntu,2007.9.14,,http://greenie.datagen.sk/,,,,,,,,,
Ubuntulite,#60b3ff,Ubuntu,2007.9,,http://u-lite.org/,U-lite,2008.11.6,http://u-lite.org/,,,,,,
Fluxbuntu,#53ff5f,Ubuntu,2007.10,,http://www.fluxbuntu.org/,,,,,,,,,
Mythbuntu,#000,Ubuntu,2007.6.4,,http://www.mythbuntu.org/,,,,,,,,,
Moblin,#3366bb,Ubuntu,2007.7,2008.8,http://moblin.org/,,,,,,,,,
gOS,#60b384,Ubuntu,2007.11.1,2009.1.3,http://www.thinkgos.com/,,,,,,,,,
Eeebuntu,#669ad0,Ubuntu,2007.12,,http://eeebuntu.org/,Aurora OS,2010.6,http://auroraos.org/,,,,,,
CrunchBang,#000,Ubuntu,2008.1.22,,http://crunchbanglinux.org/,,,,,,,,,
Zebuntu,#c8ff00,Ubuntu,2008.2.15,,http://www.zevenos.com/,ZevenOS,2008.12.19,http://www.zevenos.com/,,,,,,
Ubuntu Rescue Remix,#ddaa11,Ubuntu,2008.3.6,,http://ubuntu-rescue-remix.org/,,,,,,,,,
Ultimate Edition,#999999,Ubuntu,2008.5,,http://ultimateedition.info,,,,,,,,,
Ubuntu eee,#c8ff84,Ubuntu,2008.6.9,,http://www.geteasypeasy.com/,Easy Peasy,2009.1.5,http://www.geteasypeasy.com/,,,,,,
Leeenux,#2e5f5a,Ubuntu eee,2009.10.17,,http://www.leeenux-linux.com/,,,,,,,,,
Maryan,#515151,Ubuntu,2008.8.1,,http://www.maryanlinux.com/,,,,,,,,,
MoonOS,#4CC334,Ubuntu,2008.8.1,,http://www.moonos.org/,,,,,,,,,
Zorin OS,#055AA0,Ubuntu,2008.10,,http://zorin-os.webs.com/,,,,,,,,,
INX,#d8ac08,Ubuntu,2008.10.5,,http://inx.maincontent.net/,,,,,,,,,
eBox,#f49d00,Ubuntu,2008.10.18,,http://ebox-platform.com/,Zentyal,2010.9.1,http://www.zentyal.com/,,,,,,
CAINE,#f3a424,Ubuntu,2008.10.25,,http://www.caine-live.net/,,,,,,,,,
Newtoos,#2b4083,Ubuntu,2008.11.13,,http://newtoos.greenie.sk/,,,,,,,,,
XBMC Live,#4c4c4c,Ubuntu,2008.11.15,,http://xbmc.org/,,,,,,,,,
Vibuntu,#bbbbbb,Ubuntu,2008.12.6 ,,http://blinuxman.net/projects/oldvinux.php,VINUX,2008.12.12,http://vinuxproject.org/,,,,,,
A/V,#334466,Ubuntu,2009.2,,http://www.bandshed.net/AVLinux.html,AV,2009.5.8,http://ardour.org/node/2669,,,,,,
Qimo,#1070c0,Ubuntu,2009.2.18,,http://www.qimo4kids.com/,,,,,,,,,
Monomaxos,#002299,Ubuntu,2009.3,,http://monomaxos.com/,,,,,,,,,
Lubuntu,#0169c9,Ubuntu,2009.4.13,,http://lubuntu.net/,,,,,,,,,
Peppermint OS,#ae000e,Lubuntu,2010.4.22,,http://peppermintos.com/,,,,,,,,,
wattOS,#68b03e,Ubuntu,2009.6.29,,http://www.planetwatt.com/,,,,,,,,,
Chromium OS,#224488,Ubuntu,2009.7.1,,http://dev.chromium.org/chromium-os,,,,,,,,,
Zenix OS,#ff8c00,Ubuntu,2009.11.9,,http://ubuntuforums.org/showthread.php?t=1320899,,,,,,,,,
Ylmf,#228c2a,Ubuntu,2009.12.26,,http://www.ylmf.org/,StartOS,2012.3.27,http://www.startos.org/,,NOTE:,From 4.0 not based on Ubuntu anymore (independent),,,
Element,#006600,Ubuntu,2010.2.17,,http://www.elementmypc.com/main/index.php,,,,,,,,,
Netrunner,#5997de,Ubuntu,2010.3.31,,http://www.netrunner-os.com/,,,,,,,,,
GnackTrack,#d73838,Ubuntu,2010.4.19,,http://www.gnacktrack.co.uk/,,,,,,,,,
Dax OS,#55ccaa,Ubuntu,2010.5.1,,http://www.daxos.linuxerz.org/,,,,,,,,,
Jolicloud,#37b9e3,Ubuntu,2010.7.9,,http://www.jolicloud.com/,,,,,,,,,
AriOS,#6282A9,Ubuntu,2010.8.11,,http://arioslinux.org/,,,,,,,,,
SecUntu,#aac8e0,Ubuntu,2010.9.1,,http://linux.philosweb.com/secuntu/,,,,,,,,,
Tango Studio,#729fcf,Ubuntu,2010.9.6,,http://tangostudio.tuxfamily.org,,,,,,,,,
BackBox,#2e2e2e,Ubuntu,2010.9.9,,http://www.backbox.org/,,,,,,,,,
Dream Studio,#636,Ubuntu,2010.9.11,,http://dream.dickmacinnis.com/,,,,,,,,,
Pinguy OS,#05a7fb,Ubuntu,2010.9.20,,http://pinguy-os.sourceforge.net/,,,,,,,,,
NodeZero,#121315,Ubuntu,2010.10.6,,http://netinfinity.org/,,,,,,,,,
Bodhi,#5b860a,Ubuntu,2010.11.17,,http://bodhilinux.com/,,,,,,,,,
Blackbuntu,#000,Ubuntu,2010.12.23,,http://www.blackbuntu.com/,,,,,,,,,
P@xtreme,#bb4433,Ubuntu,2011.1.8,,http://pxtreme.hu/,,,,,,,,,
iQunix OS,#8866ee,Ubuntu,2011.3.15,,http://iqunix.blogspot.ch/,,,,,,,,,
Elementary OS,#999999,Ubuntu,2011.3.31,,http://elementaryos.org/,,,,,,,,,
icefeast,#0053bf,Ubuntu,2011.4.21,,http://icefeast.tk/,,,,,,,,,
Sn0wL1nuX,#88aaaa,Ubuntu,2011.5.1,,http://sourceforge.net/projects/sn0wl1nux/files/11/,LuninuX OS,2011.11.9,http://luninuxos.com/,,,,,,
Bigtux,#219cc5,Ubuntu,2011.6.9,,http://bigtux.at.ua/,,,,,,,,,
Jeoss,#595959,Ubuntu,2011.6.18,,http://www.vercot.com/~jeoss/,,,,,,,,,
Redo,#345278,Ubuntu,2011.7.1,,http://redobackup.org/,,,,,,,,,
Pear OS,#777777,Ubuntu,2011.8.15,,http://www.pear-os-linux.fr/,,,,,,,,,
Freezy,,Ubuntu,2011.11.3,,http://freezylinux.altervista.org/,,INFO:,http://ubuntuforums.org/showthread.php?t=1874552,,,,,,
Descent|OS,#0066FF,Ubuntu,2011.12.13,,http://www.descentos.org/,,,,,,,,,
Arduloko OS,#155c06,Ubuntu,2012.2.21,,http://arduloko.wordpress.com/,,,,,,,,,
TorBOX,#000,Ubuntu,2012.2.29,,https://github.com/adrelanos/Whonix,Whonix,2012.9,https://github.com/adrelanos/Whonix,,,,,,
Hybride,#9944ff,Ubuntu,2012.5.5,,http://www.hybryde.org/,,,,,,,,,
Mandragora,#000,Ubuntu,2012.5.17,,http://sourceforge.net/p/mandragoralinux/wiki/Home/,,,,,,,,,
jfLinux,#b0b366,Ubuntu,2012.5.21,,http://www.jflinux.org/,,,,,,,,,
MLIPenguin-OS,,Ubuntu,2012.6.3,,http://sourceforge.net/projects/mlipenguinos/,,,,,,,,,
Airinux,#b3ca88,Ubuntu,2012.6.28,,http://airinux.blogspot.ch/,,,,,,,,,
Santoku,#222222,Ubuntu,2012.7.25,,https://santoku-linux.com/,,,,,,,,,
Vulnix,#000,Ubuntu,2012.9.10,,http://www.rebootuser.com/?cat=365,,,,,,,,,
BeatriX,#c7bff0,Debian,2004.11.24,2005.1.29,http://en.wikipedia.org/wiki/BeatrIX,,,,,,,,,
Arco-Debian,#555555,Debian,2004.12.1,,http://www2.cddc.vt.edu/pub/linux/distributions/arco-debian/,Arc-Live,2008.11.25,http://arcosvn.sourceforge.net/,,,,,,
MoLinux,#ad1d5a,Debian,2004.12.15,,http://www.molinux.info/,,,,,,,,,
Tirwal,#e20a16,MoLinux,2005.2,2006,http://tirwal.terueldigital.es/,,,,,,,,,
BlankOn,#0c7a00,Debian,2005.2.1,,http://www.blankonlinux.or.id/,,,,,,,,,
Voyage,#005a8c,Debian,2005.2.14,,http://linux.voyage.hk/,,,,,,,,,
Trisquel,#5fc8ff,Debian,2005.4,,http://trisquel.info/,,,,,,,,,
LliureX,#369,Debian,2005.6.5,,http://lliurex.net/,,,,,,,,,
VENENUX,#1841bd,Debian,2005.6.6,,http://venenux.org/,,,,,,,,,
Elive,#ebe25f,Debian,2005.7.22,,http://www.elivecd.org/,,,,,,,,,
Tuquito,#96dec8,Debian,2005.9,,http://www.tuquito.org.ar/,,,,,,,,,
OS2005,#fa8700,Debian,2005.11,,http://maemo.org/,Maemo,2009.11,http://maemo.org/,Meego Harmattan,2011.6.21,http://maemo.org/,,,
ThinClientOS,#bb1111,Debian,2005.11.10,,http://www.2x.com/,,,,,,,,,
NepaLinux,#a02727,Debian,2005.12.22,,http://www.nepalinux.org/,,,,,,,,,
Resulinux,#ff6600,Debian,2005.1.25,,http://www.resulinux.net/,,,,,,,,,
Epidemic,#4da20f,Debian,2006.2.16,,http://www.epidemiclinux.org/,,,,,,,,,
Vyatta,#ff9933,Debian,2006.3,,http://www.vyatta.org/,,,,,,,,,
Librassoc,#9999aa,Debian,2006.3.23,2008.1.18,http://www.librassoc.be/,,,,,,,,,
PureOS,#2337ff,Debian,2006.8.5,,http://pureos.org/,,,,,,,,,
sidux,#7e7e86,Debian,2006.11.24,,http://www.sidux.com/,aptosid,2010.9.11,http://www.sidux.com/,,,,,,
siduction,#535d6c,sidux,2011.12.21,,http://siduction.org/,,,,,,,,,
BOSS,#4848d2,Debian,2007.1.10,,http://bosslinux.in/,,,,,,,,,
Webconverger,#ffff00,Debian,2007.4.6,,http://webconverger.com/,,,,,,,,,
PelicanHPC,#a0553c,Debian,2008.3.1,,http://idea.uab.es/mcreel/ParallelKnoppix/,,,,,,,,,
GALPon MiniNo,#a9290a,Debian,2008.4,,http://minino.galpon.org/,,,,,,,,,
Proxmox,#e36f1e,Debian,2008.4.15,,http://www.proxmox.com/,,,,,,,,,
Estrella Roja,#f00,Debian,2008.6.11,,http://www.estrellaroja.info/,,,,,,,,,
Inquisitor,#cc0000,Debian,2008.7.20,,http://www.inquisitor.ru/,,,,,,,,,
Metamorphose,#5b7df7,Debian,2008.12,,http://www.metamorphoselinux.net/,,,,,,,,,
Nova,#3d778a,Debian,2009.2.12,,http://www.nova.cu/,,,,,,,,,
Canaima,#452f27,Debian,2009.6.5,,http://canaima.softwarelibre.gob.ve/,,,,,,,,,
Tails,#6e2daf,Debian,2009.6.23,,https://tails.boum.org/,,,,,,,,,
Matriux,#dd2222,Debian,2009.11.27,,http://www.matriux.com/,,,,,,,,,
Semplice,#290c6a,Debian,2009.12.6,,http://semplice-linux.sourceforge.net/,,,,,,,,,
Sword OS,#70BEA3,Debian,2010.3,2010.6.25,http://swordos.wordpress.com/,,,,,,,,,
DoudouLinux,#524592,Debian,2010.6,,http://doudoulinux.org/,,,,,,,,,
Linux Mint Debian,#5fec52,Debian,2010.9.7,,http://linuxmint.com/,,,,,,,,,
Progress,#2455a4,Debian,2010.11.23,,http://www.progress-linux.org/,,,,,,,,,
GNUGuitarINUX,#898989,Debian,2010.12.31,,http://gnuguitarinux.sourceforge.net/,,,,,,,,,
SalineOS,#485588,Debian,2011.1.17,,http://www.salineos.com/,,,,,,,,,
Conducit,#115098,Debian,2011.1.19,,http://conducit.de/,,,,,,,,,
Liquid Lemur,#457430,Debian,2011.2.2,,http://liquidlemur.org/,,,,,,,,,
Red Ribbon,#000,Debian,2011.6.13,,http://redribbon.t15.org/,,,,,,,,,
Snowlinux,#095197,Debian,2011.7.17,,http://www.snowlinux.de/,,,,,,,,,
OpenMediaVault,#75777a,Debian,2011.10.17,,http://www.openmediavault.org/,,,,,,,,,
SolusOS,#2244cc,Debian,2012.2.22,,http://solusos.com/,,,,,,,,,
srvRX live,#888,Debian,2012.3.10,,http://sourceforge.net/projects/srvrx/,,,,,,,,,
AtlasX,#447788,Debian,2012.4.1,,http://www.atlasx.org/,,,,,,,,,
Xamin,#448bb8,Debian,2012.5.14,,http://xamin.ir/,,,,,,,,,
YunoHost,#111111,Debian,2012.5.31,,http://yunohost.org/,,,,,,,,,
Cultix,#003355,Debian,2012.6.27,,http://cultix.cu.cc/,,,,,,,,,
SprezzOS,#8070d8,Debian,2012.7.1,,http://www.sprezzatech.com/sprezzos.html,,,,,,,,,
Android,#a4c639,,2007.11.5,,http://www.android.com/,,,,,,,,,
Ophone,#77f7ff,Android,2009.8,,http://en.ophonesdn.com/,,,,,,,,,
webOS,#3ea3bd,,2009.6.6,,https://developer.palm.com/,,,,,,,,,
Trans-Ameritech,#ff1600,,1995.3,1997.1,http://oss.sgi.com/LDP/HOWTO/CD-Distributions-EN-HOWTO/iii-others.html,,,,,,,,,
Monkey,#8b3706,,1996.10,1997.5.8,http://projectdevolve.tripod.com/,,,,,,,,,
Mini,#55b7f4,,1995.2,1995.10,http://en.wikipedia.org/wiki/Mini_Linux,,,,,,,,,
Bogus,#8ecab5,,1994.1,1994.10,http://www.cs.unc.edu/~faith/bogus.html,,,,,,,,,
Linux Universe,#000,,1995.10,1998.10,http://www.linuxjournal.com/article/85,,,,,,,,,
Yggdrasil,#668f53,,1992.12.8,1995.5,http://en.wikipedia.org/wiki/Yggdrasil_Linux/GNU/X,,,,,,,,,
DILINUX,#ff5f00,,1996.4,1998.2,http://web.archive.org/web/20101022041012/http://www.randomfactory.com/lfa/doslinux.html,DOSLINUX,1997.10,http://web.archive.org/web/20101022041012/http://www.randomfactory.com/lfa/doslinux.html,,,,,,
TAMU,#3a34bc,,1992.5,1994.10,http://www.oldlinux.org/Linux.old/distributions/TAMU/,,,,,,,,,
Craftworks,#ff6cc4,,1996,1998.4,http://web.archive.org/web/19961219055251/http://craftwork.com/,,,,,,,,,
MCC Interim,#696a48,,1992.2,1996.4.23,http://linux.about.com/cs/linux101/g/mccinterimlinux.htm,,,,,,,,,
Xdenu,#613980,,1995,1996.5,http://esca.atomki.hu/paradise/dos/xdenu-en.html,,,,,,,,,
SmoothWall GPL,#d06bd0,,2000.8.30,,http://www.roseindia.net/linux/firewall/smoothwall-gpl.shtml,SmoothWall Express,2003.11.0,http://www.smoothwall.org/,,,,,,
IPCop,#8065ce,SmoothWall GPL,2002.1.5,,http://www.ipcop.org/,,,,,,,,,
IPFire,#66000f,IPCop,2005.8,,http://www.ipfire.org/,,,,,,,,,
Openwall,#000,,2001.5.15,,http://www.openwall.com/Owl/,,,,,,,,,
OpenWRT,#557788,,2001.6.1,,http://www.openwrt.org/,,,,,,,,,
Tinfoil Hat,#000,,2002.2,2003,http://tinfoilhat.shmoo.com/,,,,,,,,,
Midori,#75e184,,2001.3.13,2003.10,http://web.archive.org/web/20010322042120/http://midori.transmeta.com/,,,,,,,,,
Devil,#de2323,,2003.10.20,,http://www.devil-linux.org/,,,,,,,,,
Tiny Core,#4f5f82,,2009.1.5,,http://www.tinycorelinux.com/,,,,,,,,,
Puppy,#dec374,,2003.6,,http://puppylinux.org/,,,,,,,,,
TEENpup,#227,Puppy,2007.3.2,,http://pupweb.org/wikka/TeenPup,Legacy OS,2010.9.3,http://pupweb.org/wikka/TeenPup,,,,,,
Macpup,#538cc3,Puppy,2008.6.13,,http://macpup.org/,,,,,,,,,
Sage Live CD,#7777ff,Puppy,2010.11.23,,http://boxen.math.washington.edu/home/emil/doc/html/en/,,,,,,,,,
Saluki,#ff9900,Puppy,2011.11.21,,http://saluki-linux.com/,,INFO:,http://www.murga-linux.com/puppy/viewtopic.php?t=73687&sid=b82068abc9abafd2c283590c6a90a5b6,,,,,,
Quirky,#000,,2010.5.5,,http://bkhome.org/quirky/,,,,,,,,,
Mamona,#8ac73c,,2007.11.15,,http://dev.openbossa.org/trac/mamona,,,,,,,,,
BluePoint,#5b62ec,,1999.12,2001.11.14,http://distrowatch.com/table.php?distribution=bluepoint,,,,,,,,,
Yoper,#c63937,,2003.1.9,,http://www.yoper.com/,,,,,,,,,
Pardus,#da9746,,2005.12.26,,http://www.pardus.org.tr/,,,,,,,,,
EnGarde,#a54bdd,,2001.12,,http://www.engardelinux.org/,,,,,,,,,
Beehive,#69c0c7,,2001.2.19,2003.8.7,http://distrowatch.com/table.php?distribution=beehive,,,,,,,,,
4M,#888,,2010.10.10,,http://www.4mlinux.com/,,,,,,,,,
Jarro Negro,#000,,2006.1.18,,http://jarronegrolinux.com/,,,,,,,,,
Leka Rescue Floppy,#e0d3b6,,2001.4.1,2003.6.1,http://web.archive.org/web/20020925025001/http://leka.net/,,,,,,,,,
Project Ballantin,#000,,1998.11,1999.5.17,http://web.archive.org/web/19991005151205/http://www.linuxsupportline.com/~router/,,,,,,,,,
FREESCO,#5588bb,Project Ballantin,1999.5.17,,http://www.freesco.org/,,,,,,,,,
LinuxConsole,#333333,,2002.10,,http://www.linuxconsole.org/,,,,,,,,,
Sorcerer,#36ce3b,,2001.10,,http://sorcerer.silverice.org/,,,,,,,,,
Lunar,#6257cd,Sorcerer,2002.3,,http://www.lunar-linux.org/,,,,,,,,,
Source Mage,#bf3032,Sorcerer,2002.4,,http://www.sourcemage.org/,,,,,,,,,
GoboLinux,#6da697,,2003,,http://www.gobolinux.org/,,,,,,,,,
GeeXboX,#5050ff,,2003.5.16,,http://geexbox.org/,,,,,,,,,
eIT easyLinux,#189069,,1999.2.10,2001.10,http://www.linuxjournal.com/node/3830/,,,,,,,,,
Paldo,#2a6096,,2004.12.9,,http://www.paldo.org/,,,,,,,,,
Dragora,#56b04f,,2009.3.13,,http://www.dragora.org/,,,,,,,,,
Qubes OS,#666,,2010.4.7,,http://qubes-os.org/,,,,,,,,,
UHU,#ccc,,2003.4.18,,http://www.uhulinux.hu/,,,,,,,,,
RIP,#2b1bb0,,2006.5.5,,http://www.tux.org/pub/people/kent-robotti/looplinux/rip/,,,,,,,,,
NixOS,#6666dd,,2004.2.14,,http://nixos.org/,,,,,,,,,
SliTaz,#000,,2007.4.1,,http://www.slitaz.org/,,,,,,,,,
Tiny SliTaz,#df8f06,SliTaz,2010.6.1,,http://pizza.slitaz.org/tiny/,,,,,,,,,
Ophcrack,#8fc442,,2006.3.24,,http://ophcrack.sourceforge.net/,,,,,,,,,
AtheOS,#bd5121,,2000.3,2002.9.12,http://atheos.syllable.org/index.html,,,,,,,,,
Syllable,#4488bb,AtheOS,2002.7,,http://web.syllable.org/,,,,,,,,,
Syllable Server,#4488bb,,2007.10,,http://web.syllable.org/,,,,,,,,,
Exherbo,#006600,,2008.5.20,,http://exherbo.org/,,,,,,,,,
Hadron,#00aadd,,2011.5.17,,http://hadronproject.org/,,,,,,,,,
noop,#303030,,2012.7.20,,http://www.nooplinux.org/,,,,,,,,,
OpenELEC,#333333,,2009.9.6,,http://openelec.tv/,,,,,,,,,
Bedrock,#00b070,,2012.8.3,,http://bedrocklinux.org/,,,,,,,,,
Ututo,#ba3232,,2000.10,,http://www.ututo.org/,Ututo XS,2005.6,http://www.ututo.org/,,,,,,
Ututo-e,#d30110,Ututo,2004.3,,http://www.ututo.org/,,,,,,,,,
Enoch,#a0a0f0,,1999.12,,http://www.gentoo.org/,Gentoo,2002.3.31,http://www.gentoo.org/,,,,,,
Gentoox,#0050ff,Enoch,2003.3,,http://gentoox.shallax.com/,,,,,,,,,
Jollix,#ffee55,Enoch,2003.4.17,2004.5.12,http://jollix.berlios.de/de/,,,,,,,,,
Navyn OS,#224488,Enoch,2004.6.1,2005.1.1,http://distrowatch.com/table.php?distribution=navynos,,,,,,,,,
VidaLinux,#718969,Enoch,2004.10.4,,http://www.vidalinux.com/,VLOS,2005.9.9,http://www.vidalinux.com/,,,,,,
Pentoo,#000100,Enoch,2005.2,,http://www.pentoo.ch/,,,,,,,,,
epiOS,#2181B0,Enoch,2005.3,2007.10,http://linux.wikia.com/wiki/EpiOS,,,,,,,,,
RR4,#e9b689,Enoch,2005.10,,http://sabayonlinux.org/,Sabayon,2006.8.16,http://sabayonlinux.org/,,,,,,
Bintoo,#89c8e9,Enoch,2005.12.11,2007.1,http://bintoo.sourceforge.net/,,,,,,,,,
Kororaa,#706f7f,Enoch,2005.12.12,,http://en.wikipedia.org/wiki/Kororaa,,,,,,,,,
Papug,#0082ff,Enoch,2006.11,,http://www.papuglinux.net/,,,,,,,,,
Calculate,#faa61a,Enoch,2007.6.6,,http://www.calculate-linux.org/,,,,,,,,,
Toorox,#333333,Enoch,2007.11.28,,http://toorox.de/,,,,,,,,,
Funtoo,#333399,Enoch,2008.9,,http://www.funtoo.org/,,,,,,,,,
SystemRescueCD,#508fee,Enoch,2008.3.3,,http://www.sysresccd.org/,,,,,,,,,
Liberté,#114488,Enoch,2010.5.5,,http://dee.su/liberte,,,,,,,,,
AnikOS,#333333,Enoch,2011.5.22,,http://www.anikos.org/,,,,,,,,,
OccupyOS,#000,Enoch,2011.10.23,,http://wiki.gitbrew.org/wikibrew/OccupyOS,,,,,,,,,
SLS,#9c8ac4,,1992.6,1994.1,http://en.wikipedia.org/wiki/Softlanding_Linux_System,,,,,,,,,
Slackware,#000,SLS,1993.7.16,,http://www.slackware.com/,,,,,,,,,
MNIS,#516b9e,Slackware,1995.2.1,2004.9,http://www.mnis.fr/fr/products/Mnis-Linux/,,,,,,,,,
Burapha,#77f7ff,Slackware,1997.6,,http://www.buraphalinux.org/,,INFO:,http://translate.google.com/translate?hl=en&sl=th&u=http://th.wikipedia.org/wiki/%25E0%25B8%25AB%25E0%25B9%2589%25E0%25B8%25AD%25E0%25B8%2587%25E0%25B8%259B%25E0%25B8%258F%25E0%25B8%25B4%25E0%25B8%259A%25E0%25B8%25B1%25E0%25B8%2595%25E0%25B8%25B4%25E0%25B8%2581%25E0%25B8%25B2%25E0%25B8%25A3%25E0%25B8%25A7%25E0%25B8%25B4%25E0%25B8%2588%25E0%25B8%25B1%25E0%25B8%25A2%25E0%25B8%259A%25E0%25B8%25B9%25E0%25B8%25A3%25E0%25B8%259E%25E0%25B8%25B2%25E0%25B8%25A5%25E0%25B8%25B5%25E0%25B8%2599%25E0%25B8%25B8%25E0%25B8%2581%25E0%25B8%258B%25E0%25B9%258C&ei=huoETvbTE8iRswbhhc22DA&sa=X&oi=translate&ct=result&resnum=1&ved=0CCoQ7gEwAA&prev=/search%3Fq%3D%2522BLCD%2B1.0%2522%26hl%3Den%26safe%3Doff%26prmd%3Divns,,,,,,
Stampede,#866846,Slackware,1997.12.4,2002.3.1,http://www.stampede.org/,,,,,,,,,
VectorLinux,#504ca3,Slackware,2000.6.30,,http://vectorlinux.com/,,,,,,,,,
Tiny,#444466,Slackware,2000.4.6,2005.8.24,http://tiny.seul.org/,,,,,,,,,
Slax,#aadc87,Slackware,2002.5,,http://www.slax.org/,,,,,,,,,
DNALinux,#496da7,Slax,2004.2,,http://www.dnalinux.com/,,,,,,,,,
Wolvix,#5a5a5a,Slax,2005.8,,http://wolvix.org/,,,,,,,,,
SLAMPP,#ff4343,Slax,2005.9.19,,http://slampp.abangadek.com/,,,,,,,,,
Gnu-HALO,#3c5c47,Slax,2006.6,2006.12,http://halo.willisburg.org/,,,,,,,,,
EvilEntity,#8b179c,Slackware,2002.4.26,2004.12.7,http://distrowatch.com/table.php?distribution=evilentity,,,,,,,,,
Topologilinux,#000,Slackware,2002.8.25,,http://www.topologilinux.com/,,,,,,,,,
DeLi,#767676,Slackware,2002.11.2,,http://www.delilinux.de/,ConnochaetOS,2010.11.13,http://www.connochaetos.org/,,,,,,
DeLi(cate),#cc8844,DeLi,2011.10.22,,http://delicate.tavvva.net/,,,,,,,,,
Stux,#ff0000,Slackware,2003.9.1,,http://gpstudio.com/stux/,STUX,2003.11.1,http://gpstudio.com/stux/,,,,,,
Kwort,#135cae,Slackware,2003.10.26,,http://kwort.org/,,,,,,,,,
DARKSTAR,#705ca4,Slackware,2004.2,2008.1.6,http://www.darkstarlinux.ro/,,,,,,,,,
AUSTRUMI,#d5bc60,Slackware,2004.3,,http://cyti.latgola.lv/ruuni/,,,,,,,,,
Minislack,#496da7,Slackware,2004.5.21,,http://en.wikipedia.org/wiki/Zenwalk,Zenwalk,2005.8.12,http://www.zenwalk.org/,,,,,,
GoblinX,#e68200,Slackware,2004.7,,http://www.goblinx.com.br/,Imagineos,2010.7.1,http://www.imagineos.com.br/,,,,,,
Slack/390,#444444,Slackware,2004.7.6,,http://www.slack390.org/,,,,,,,,,
HostGIS,#654321,Slackware,2004.8,2010,http://www.hostgis.com/linux/wiki/index.php/Main_Page,,,,,,,,,
Kate,#e48a67,Slackware,2004.10.9,2009.6,http://en.wikipedia.org/wiki/KateOS,KateOS,2005.5.6,http://en.wikipedia.org/wiki/KateOS,,,,,,
NimbleX,#ad2028,Slackware,2004.10.20,,http://www.nimblex.net/,,,,,,,,,
MOPSLinux,#50c846,Slackware,2004.11,,http://www.mopslinux.org/,AgiliaLinux,2010.4.22,http://www.agilialinux.ru/,,,,,,
Frugalware,#676a97,Slackware,2004.11.2,,http://frugalware.org/,,,,,,,,,
Slamd64,#5a5050,Slackware,2005.1.19,2009.2.1,http://www.slamd64.com/,,,,,,,,,
NetSecL,#334d55,Slackware,2005.5.6,,http://netsecl.com/,,,,,,,,,
pQui,#105289,Slackware,2005.7,,http://pquilinux.org/,,,,,,,,,
Slackintosh,#6496fa,Slackware,2005.9.29,,http://workaround.ch/,,,,,,,,,
Sauver,#b140c3,Slackware,2006.1.1,,http://sauveros.com/,,,,,,,,,
Voltalinux,#44dafd,Slackware,2006.6,2008.6,http://distrowatch.com/table.php?distribution=voltalinux,,,,,,,,,
How-Tux,#dcd140,Slackware,2006.10,2008.3,http://distrowatch.com/table.php?distribution=howtux,,,,,,,,,
Bluewhite64,#2356e6,Slackware,2006.10.4,,http://www.bluewhite64.com/,,,,,,,,,
Absolute,#5a4114,Slackware,2006.10.22,,http://absolutelinux.org/,,,,,,,,,
Wifislax,#303030,Slackware,2006.12.21,,http://www.wifislax.com/,,,,,,,,,
ARMedslack,#000,Slackware,2007.1.18,,http://www.armedslack.org/,Slackware ARM,2012.8.25,http://www.armedslack.org/,,,,,,
SL4P,#000,ARMedslack,2012.3.20,,http://pandorawiki.org/Software_projects/OS/Slackware,,,,,,,,,
Draco,#bf0000,Slackware,2007.5.17,,http://code.google.com/p/dracolinux/,,,,,,,,,
SMS,#6283b9,Slackware,2007.8.10,,http://sms.it-ccs.com/,Superb Mini Server,2010.6.11,http://sms.it-ccs.com/,,,,,,
Wifiway,#303030,Slackware,2008.12.3,,http://www.wifiway.org/,,,,,,,,,
PLATYPUX,#884411,Slackware,2008.12.29,,http://platypux.site.free.fr/,,,,,,,,,
Kongoni,#fec367,Slackware,2009.2,,http://www.kongoni.org/,,,,,,,,,
Linvo,#9cc720,Slackware,2009.3.28,,http://www.linvo.org/,,,,,,,,,
Lin2Go,#2266cc,Slackware,2009.4,,http://lin2go.com/,,,,,,,,,
Salix,#6e9834,Slackware,2009.9.16,,http://www.salixos.org/,,,,,,,,,
SlaXBMC,#2d25ce,Slackware,2011.6.1,,http://slaxbmc.blogspot.ch/,,,,,,,,,
Slackel,#ddee22,Slackware,2011.6.16,,http://www.slackel.gr/,,,,,,,,,
Porteus,#000099,Slackware,2011.6.20,,http://www.porteus.org/,,,,,,,,,
S.u.S.E,#438643,Slackware,1994.3,,http://en.wikipedia.org/wiki/SUSE_Linux_distributions,SuSE,1998.12,http://www.novell.com/linux/,SUSE,2003.10.24,http://www.novell.com/linux/,openSUSE,2006.12.7,http://www.opensuse.org/
SLES,#7ac142,S.u.S.E,2000.10.31,,http://www.novell.com/products/server/,,,,,,,,,
NLD,#7ac142,S.u.S.E,2004.11.8,,http://www.novell.com/linux/products.html,SLED,2006.6,http://www.novell.com/products/desktop/,,,,,,
Astaro,#ebb64c,S.u.S.E,2000.1,,http://www.astaro.com/,,,,,,,,,
Caixa Mágica,#50b9e6,S.u.S.E,2000.10,,http://www.caixamagica.pt/,,,,,,,,,
Sun JDS,#000,S.u.S.E,2003.11.10,2006.5.30,http://en.wikipedia.org/wiki/Java_Desktop_System,,,,,,,,,
Linkat,#fcbe32,S.u.S.E,2006.9.12,,http://linkat.xtec.cat/,,,,,,,,,
JOPUX,#000,S.u.S.E,2012.3.30,,http://jopux.org/,,,,,,,,,
Anthon,,S.u.S.E,2012.5.4,,http://sourceforge.net/projects/anthon/,,,,,,,,,
Jurix,#9f9f9f,,1995.2.8,1997,http://www.ibiblio.org/pub/historic-linux/distributions/jurix/,,,,,,,,,
Alpine,#5f8dd3,,2006.5.4,,http://www.alpinelinux.org/,,,,,,,,,
openmamba,#4db90a,,2007.6,,http://www.openmamba.org/,,,,,,,,,
QiLinux,#ffd133,,2004.3.19,2007.2.6,http://distrowatch.com/table.php?distribution=qilinux,,,,,,,,,
ROCK,#77781b,,1998.8,,http://www.rocklinux.net/,,,,,,,,,
T2,#09345f,ROCK,2004.10.3,,http://www.t2-project.org/,,,,,,,,,
Linux From Scratch,#000,,1999.12,,http://www.linuxfromscratch.org/,,,,,,,,,
ZENIX,#009999,Linux From Scratch,2003.2.10,2004.10.24,http://distrowatch.com/table.php?distribution=zenix,,,,,,,,,
NuTyX,#ae0001,Linux From Scratch,2007.11.28,,http://www.nutyx.org/,,,,,,,,,
KaarPux,#cb4b16,Linux From Scratch,2012.8.6,,http://kaarpux.kaarposoft.dk/,,,,,,,,,
0Linux,#10a409,,2010.3.3,,http://0.tuxfamily.org/,,,,,,,,,
tomsrtbt,#000,,1998.11.6,2002.5.4,http://www.toms.net/rb/,,,,,,,,,
dyne:bolic,#f1ca6d,,2001.6,,http://dynebolic.org/,,,,,,,,,
Ark,#545454,,2001.8,,http://web.archive.org/web/20110725013724/http://arklinux.org/,,,,,,,,,
NetStation,#116daa,,2001.8.28,2003.9,http://netstation.sourceforge.net/,,,,,,,,,
Thinstation,#000,NetStation,2003.8.30,,http://www.thinstation.org/,,,,,,,,,
LPS,#2757ab,Thinstation,2007.3.21,,http://www.spi.dod.mil/lipose.htm,,,,,,,,,
Octoz,#ce6816,,2004.7,2007.3,http://web.archive.org/web/*/http://www.octoz.org,Hedinux,2005.9.26,http://web.archive.org/web/*/http://hedinux.org/,,,,,,
Igelle,#e77918,,2010.2.22,,http://www.igelle.com/,,,,,,,,,
Weaver,#ff9600,,1997.9,2007.3,http://en.wikipedia.org/wiki/Nitix,Nitix,2004.1,http://distrowatch.com/table.php?distribution=nitix,,,,,,
µClinux,#4b78ff,,1998.1,,http://www.uclinux.org/,,,,,,,,,
Coyote,#282896,,1998.12,,http://coyotelinux.com/,,,,,,,,,
BrazilFW,#0076b1,,2005.10.5,,http://www.brazilfw.com.br/,,,,,,,,,
Zeroshell,#0000c0,,2006.6.25,,http://www.zeroshell.net/,,,,,,,,,
PLoP,#c0c0d8,,2007.12.26,,http://www.plop.at/,,,,,,,,,
Natures Linux,#0f0,,2004.3.30,2007.8.20,http://distrowatch.com/table.php?distribution=natures,,,,,,,,,
ELinOS,#0d3b69,,1999.3,,http://www.sysgo.com/products/elinos-embedded-linux/,,,,,,,,,
OpenEmbedded,#0bd,,2003.2,,http://www.openembedded.org,,,,,,,,,
Ångström,#9cc32a,OpenEmbedded,2007.12,,http://www.angstrom-distribution.org/,,,,,,,,,
KaeilOS,#FF0000,,2000.1,,http://www.kaeilos.com/,,INFO:,http://en.wikipedia.org/wiki/KaeilOS,,,,,,
Peanut,#4ac250,,1999.12,,http://www.alinux.tv/,aLinux,2005.3,http://www.alinux.tv/,,,,,,
CRUX,#4d699b,,2001.1,,http://crux.nu/,,,,,,,,,
Arch,#0771a6,,2002.3.11,,http://www.archlinux.org/,,,,,,,,,
AL-AMLUG,#77aacc,Arch,2003.7.4,2006.5.17,http://user-contributions.org/home/,Archie,2005.3.25,http://archie.dotsrc.org/,,,,,,
Chaox,#000,Arch,2008.12,2010.2.18,http://blag.chaox.net/,,,,,,,,,
Chakra,#46494D,Arch,2008.12.21,,http://chakra-project.org/,,,,,,,,,
LinHES,#92bac4,Arch,2009.1.28,,http://linhes.org/,,,,,,,,,
FireFly,#ee2299,Arch,2009.6.2,2010,http://distrowatch.com/table.php?distribution=firefly,,,,,,,,,
KahelOS,#e74a47,Arch,2009.7,,http://www.kahelos.org/,,,,,,,,,
CTKarchLive,#000,Arch,2009.7.5,,http://calimeroteknik.free.fr/ctkarchlive/index-en.html,CTKArch,2011.4.7,http://ctkarch.org/,,,,,,
Arch Linux ARM,#0771a6,Arch,2009.8.9,,http://archlinuxarm.org/,,,,,,,,,
ArchBang,#0077bb,Arch,2010.1.26,,http://archbang.org/,,,,,,,,,
Arch Hurd,#00adef,Arch,2010.6.5,,http://www.archhurd.org/,,,,,,,,,
Parabola,#000,Arch,2010.11,,http://parabolagnulinux.org/,,,,,,,,,
LDR,#800080,Arch,2011.4.13,,http://web.archive.org/web/20110717211908/http://www.tommed.co.uk/ldr/,,,,,,,,,
Manjaro,#3fbb3f,Arch,2011.7.9,,http://manjarolinux.org/,,,,,,,,,
Bridge,#333333,Arch,2012.1.30,,http://millertechnologies.net/,,,,,,,,,
Nosonja,#336699,Arch,2012.3.1,,http://nosonja.org/,,,,,,,,,
Cinnarch,,Arch,2012.7.19,,http://sourceforge.net/projects/cinnarch/,,,,,,,,,
Specifix,#332c55,,2004.7.14,,http://www.specifix.com/,rPath,2005.6.2,http://www.rpath.com/corp/,,,,,,
Foresight,#a3a3a3,Specifix,2005.3,,http://www.foresightlinux.org/,,,,,,,,,
Oz,#5da0c6,Specifix,2007,2008,http://ubuntuforums.org/showthread.php?t=398478,,,,,,,,,
Openfiler,#5f86ac,,2004.5,,http://www.openfiler.com/,,,,,,,,,
Everest,#005896,,2006.6.5,,www.linux-ren.org,Qomo,2009.5,www.linux-ren.org,,,,,,
mkLinux,#35332d,,1996.5.17,2002.8.11,http://www.mklinux.org/,,,,,,,,,
LST,#4e8969,,1993.12,1997.3.23,http://www.dsj.net/compedge/caldera.html,,,,,,,,,
DLD,#9e9e9e,,1993,1999.12,http://de.wikipedia.org/wiki/Deutsche_Linux-Distribution,,,,,,,,,
Linux-FT,#ff0031,,1995.1,1996.10,http://www.ukuug.org/newsletter/linux-newsletter/linux@uk12/ftinfo.shtml,,,,,,,,,
Unifix,#334466,,1995.6,2001,http://www.unifix.de/index.html,,,,,,,,,
United Linux,#040404,,2002.11.19,2004.1.22,http://en.wikipedia.org/wiki/United_Linux,,,,,,,,,
Red Hat,#cc0000,,1994.11.3,,http://www.redhat.com/,Red Hat Enterprise,2002.3.26,http://www.redhat.com/,,,,,,
WGS Linux Pro,#ff5f00,Red Hat,1995,1997,http://www.workgroupsolutions.com/,,,,,,,,,
Caldera,#5ea3db,Red Hat,1996.2,2002.11.19,http://en.wikipedia.org/wiki/Caldera_OpenLinux,SCO,2002.8.26,http://www.sco.com/,,,,,,
Redmond,#33812b,Caldera,2001.12.8,2005.6.15,http://freshmeat.net/projects/redmondlinux/,Lycoris,2002.1,http://en.wikipedia.org/wiki/Lycoris_%28company%29,,,,,,
LinuxPPC,#4cc931,Red Hat,1997.4,2001,http://lists.ozlabs.org/listinfo/linuxppc-dev,,,,,,,,,
UltraPenguin,#000,Red Hat,1997.7,1998.12,http://ultra.linux.cz/,,,,,,,,,
Conectiva,#4c3065,Red Hat,1997.10,2005.1.24,http://www.mandriva.com.br/,,,,,,,,,
Buhawi,#99ccff,Red Hat,1997.12.21,2004.9.18,http://bluepoint.com.ph/buhawi/,,,,,,,,,
PLD,#3f89d0,Red Hat,1998,,http://www.pld-linux.org/,,,,,,,,,
Turbolinux,#8c99ce,Red Hat,1998.6,,http://www.turbolinux.com/,,,,,,,,,
Mandrake,#3f48c9,Red Hat,1998.7.23,,http://www.mandriva.com/,Mandriva,2005.4.8,http://www.mandriva.com/,,,,,,
Demolinux,#3333ff,Mandrake,1998.9,2002.7,http://www.demolinux.org/,,,,,,,,,
Virtual,#8c8f96,Mandrake,2001.9.16,2002.5.3,http://sourceforge.net/projects/virtual-linux/,,,,,,,,,
ALT,#ebe04a,Mandrake,2001.3.25,,http://www.altlinux.com/,,,,,,,,,
PCLinuxOS,#78ca75,Mandrake,2003.10,,http://pclinuxos.com/,,,,,,,,,
TinyMe,#0000ff,PCLinuxOS,2006.11,,http://tinymelinux.com/,,,,,,,,,
Granular,#ff0032,PCLinuxOS,2006.12.30,,http://www.granularlinux.com/,,,,,,,,,
Garuda,#b21200,PCLinuxOS,2011.4.13,,http://www.garudaone.com/,,,,,,,,,
Phinx,#004b68,PCLinuxOS,2011.8,,http://cozmodesigns.co.uk/phinx/,,,,,,,,,
SAM,#007800,Mandrake,2003.10,,http://www.sam-linux.org/,SAMity,2010.6.30,www.samity.org,,,,,,
blackPanther,#000,Mandrake,2003.12,,http://www.blackpanther.hu/,,,,,,,,,
OpenSLS,#a6a5c5,Mandrake,2003.12.22,2007.12.30,http://annvix.org/,Annvix,2004.8.26,http://annvix.org/,,,,,,
Unity,#77EE00,Mandrake,2009.12.10,,http://unity-linux.org/,,,,,,,,,
ChameleonOS,#489F3E,Unity,2010.07.12,,http://chameleonos.wordpress.com/,,,,,,,,,
Mageia,#3f48c9,Mandrake,2010.9.18,,http://mageia.org/,,,,,,,,,
ROSA,#105289,Mandrake,2011.3.25,,http://www.rosalab.ru/,,,,,,,,,
Eurielec,#040404,Red Hat,1998,2001.5.13,http://www.eurielec.etsit.upm.es/linux/,,,,,,,,,
Fermi,#00309e,Red Hat,1998.8.31,,http://fermilinux.fnal.gov/,,,,,,,,,
KRUD,#00adfb,Red Hat,1999,2005,http://www.tummy.com/Products/krud/,,,,,,,,,
e-smith,#d38b8e,Red Hat,1999.1,,http://wiki.contribs.org/Main_Page,SME Server,2001.8,http://www.smeserver.org/,,,,,,
Eridani,#2625a4,Red Hat,1999.3,2003.8.5,http://www.eridani.co.uk/linux.shtml,,,,,,,,,
Yellow Dog,#baba4c,Red Hat,1999.3.8,,http://www.yellowdoglinux.com/,,,,,,,,,
Vine,#323296,Red Hat,1999.3.28,,http://www.vinelinux.org/,,,,,,,,,
Red Flag,#e34043,Red Hat,1999.8,,http://www.redflag-linux.com/,,,,,,,,,
Armed,#d73ce2,Red Hat,1999.9.5,2002,http://lwn.net/1999/0916/a/armed.html,,,,,,,,,
Immunix,#bbd295,Red Hat,1999.10,2003.11.27,http://en.wikipedia.org/wiki/Immunix,,,,,,,,,
Kondara,#5d0202,Red Hat,1999.11.11,2002.7.15,http://distrowatch.com/table.php?distribution=kondara,,,,,,,,,
Linpus,#afafaf,Red Hat,2000.1.28,,http://www.linpus.com/,,,,,,,,,
ELX,#44b6fd,Red Hat,2000.2,2006,http://distrowatch.com/table.php?distribution=elx,,,,,,,,,
Trustix,#c4c4c4,Red Hat,2000.3,2007.3.6,http://en.wikipedia.org/wiki/Trustix,,,,,,,,,
Finnix,#000,Red Hat,2000.3.22,,http://www.finnix.org/,,,,,,,,,
BU,#e30000,Red Hat,2000.5,,http://linux.bu.edu/,,,,,,,,,
Miracle,#e34043,Red Hat,2000.8,,http://www.miraclelinux.com/,,,,,,,,,
Asianux,#000,Miracle,2004.6,,http://www.asianux.com/,,,,,,,,,
Happy,#7ecce0,Red Hat,2000.9,2002.5,http://distrowatch.com/table.php?distribution=happy,,,,,,,,,
Pingo,#203e7f,Red Hat,2000.10.1,2007.1.1,http://www.pingo.org/,,,,,,,,,
Best,#000,Red Hat,2000.10.24,2004.12.24,http://distrowatch.com/table.php?distribution=sot,SOT,2002.4.24,http://distrowatch.com/table.php?distribution=sot,LBA,2004.4.16,http://distrowatch.com/table.php?distribution=sot,,,
Rocks,#1e2e41,Red Hat,2000.11,,http://www.rocksclusters.org/,,,,,,,,,
ClarkConnect,#608921,Red Hat,2000.11,,http://www.clarkconnect.com/,ClearOS,2009.10.5,http://www.clearfoundation.com/,,,,,,
ASP,#8888dd,Red Hat,2001.3.22,2008.11.26,www.asplinux.ru/,,,,,,,,,
Aurora,#ffa51e,Red Hat,2001.11.5,2009.11.8,http://auroralinux.org/,,,,,,,,,
SuperRescue,#4ba284,Red Hat,2001.5.1,2003,http://www.kernel.org/pub/dist/superrescue/,,,,,,,,,
Independence,#993333,Red Hat,2001.6,2008,http://independence.seul.org/,,,,,,,,,
HP Secure,#0d56ce,Red Hat,2001.7.26,2002.10.15,http://www.hp.com/security/products/linux/,,,,,,,,,
K12,#5ac8f0,Red Hat,2001.7,,http://k12linux.org/,,,,,,,,,
Haydar,#d9a020,Red Hat,2002.1.26,2003.4.6,http://www.haydarlinux.com/,,,,,,,,,
Bayanihan,#2a5dd5,Red Hat,2002.6.20,,http://www.bayanihan.gov.ph/,,,,,,,,,
Aurox,#6fd96a,Red Hat,2002.11.13,2006.10.30,http://www.aurox.org/,,,,,,,,,
BLAG,#000,Red Hat,2002.10.22,,http://www.blagblagblag.org/,,,,,,,,,
LinuxInstall,#fdbf44,Red Hat,2003.1.7,2003.7.21,http://linuxinstall.org/,,,,,,,,,
Berry,#ffc300,Red Hat,2003.4.13,,http://berry.sourceforge.jp/,,,,,,,,,
AnNyung,#4c4c4c,Red Hat,2003.6.14,,http://annyung.oops.org/,,,,,,,,,
ATmission,#a6865f,Red Hat,2003.8.23,2005.9.26,http://www.atconsultancy.nl/atmission/,,,,,,,,,
Fedora Core,#362e94,Red Hat,2003.11.6,,http://fedoraproject.org/,Fedora,2007.5.31,http://fedoraproject.org/,,,,,,
NST,#000,Fedora Core,2003.12,,http://www.networksecuritytoolkit.org/,,,,,,,,,
Momonga,#832519,Fedora Core,2004.8.6,,http://www.momonga-linux.org/,,,,,,,,,
MythDora,#3399cc,Fedora Core,2005.6,,http://mythdora.com/,,,,,,,,,
AsianLinux,#00e3d4,Fedora Core,2005.7.2,2007.4.29,http://www.asianlinux.net/,,,,,,,,,
FoX,#f4a651,Fedora Core,2004.10,2006.4,http://distrowatch.com/table.php?distribution=fox,,,,,,,,,
Ekaaty,#3f7857,Fedora Core,2006.8.15,,http://www.ekaaty.org/,,,,,,,,,
Amahi,#99aa88,Fedora Core,2007,,http://www.amahi.org/,,,,,,,,,
Vixta,#82c846,Fedora Core,2007.9.20,,http://xange.serdigital.com/,Simplis,2008.6,http://xange.serdigital.com/,Xange,2009.1.7,http://xange.serdigital.com/,,,
Ojuba,#437644,Fedora Core,2008.8.7,,http://www.ojuba.org/,,,,,,,,,
Moblin 2,#3366bb,Fedora Core,2008.8.19,2010.5.26,http://moblin.org/,,,,,,,,,
MeeGo,#4e2174,Moblin 2,2010.5.26,,http://meego.com/,,,,,,,,,
Mer,#002bb8,MeeGo,2011.10.3,,http://merproject.org/,,,,,,,,,
Tizen,#555,MeeGo,2012.1.5,,http://www.tizen.org/,,,,,,,,,
VortexBox,#d92727,Fedora Core,2008.11.28,,http://vortexbox.org/,,,,,,,,,
Hanthana,#3366a9,Fedora Core,2009.11.17,,http://www.hanthana.org/,,,,,,,,,
Synergy,#1aa800,Fedora Core,2010.6.15,,http://synergy-linux.com/,,,,,,,,,
Fusion,#0060ff,Fedora Core,2010.10.14,,http://fusionlinux.org/,,,,,,,,,
Fuduntu,#4aa02c,Fedora Core,2010.11.7,,http://sourceforge.net/projects/fuduntu/,,,,,,,,,
Parsidora,#027ac6,Fedora Core,2010.12.28,,http://parsidora.org/,,,,,,,,,
Viperr,#1e1e1e,Fedora Core,2011.12.13,,,,,,,,,,,
PUIAS,#b00,Red Hat,2003.12,,,,,,,,,,,
CentOS,#6f4376,Red Hat,2003.12.1,,http://centos.org/,,,,,,,,,
Asterisk@Home,#599116,CentOS,2004.11.9,,http://www.trixbox.org/,trixbox,2006.6,http://www.trixbox.org/,,,,,,
Elastix,#df1f29,CentOS,2006.12.29,,http://www.elastix.org/,,,,,,,,,
BlueOnyx,#0e264c,CentOS,2008.12.31,,http://www.blueonyx.it/,,,,,,,,,
OpenNode,#004d99,CentOS,2010.2.21,,http://opennodecloud.com/,,,,,,,,,
White Box,#737373,Red Hat,2003.12.17,2009.8,http://www.whiteboxlinux.org/,,,,,,,,,
Tao,#56c1ff,Red Hat,2004.12.4,2006.6.14,http://ftp.riken.go.jp/pub/Linux/tao/tao-1.0-s390x/dist/,,,,,,,,,
BioBrew,#21896c,Red Hat,2004.1.20,2005.2.23,http://biobrew.bioinformatics.org/,,,,,,,,,
CERN,#4078c3,Red Hat,2004.4.16,,http://linux.web.cern.ch/linux/,,,,,,,,,
Scientific,#191756,Red Hat,2004.5.10,,https://www.scientificlinux.org/,,,,,,,,,
StartCom,#000,Red Hat,2004.8.26,,http://www.startcom.org/,,,,,,,,,
Oracle Enterprise,#f00,Red Hat,2006.10.25,,http://www.oracle.com/us/technologies/linux/index.htm,,,,,,,,,
FrameOS,#000,Red Hat,2010.7.15,,http://www.frameos.org/,,,,,,,,,
ServOS,#4b78a7,Red Hat,2011.7,,http://www.serv-os.net/,,,,,,,,,
